number of observations,party_name,state,constituency,constituency_type,Checked,gender,member_name,profession,education_category,Source ( if not on sansad),Occupation category,Category 2,,TABLE,Occupation Categorry,Count,,Occupation category(shortened),Count
8,Janata Dal (United),Bihar,Sheohar,General,1,Female,Lovely Anand,Agriculture and Politics,Graduate,,Agriculture,Politics,,542,Agriculture,177,,Agriculture,177
10,Samajwadi Party,Uttar Pradesh,Ghazipur,General,1,Male,Afzal Ansari,Agriculture,Post Graduate,,Agriculture,,,,Business,86,,Business,86
11,Indian National Congress,Kerala,Pathanamthitta,General,1,Male,Anto Antony,Agriculture,Graduate,,Agriculture,,,,Film,12,,Law,38
14,Shiv Sena,Maharashtra,Aurangabad,General,1,Male,Bhumare Sandipanrao Asaram,Agriculture and Politics,10th,,Agriculture,Politics,,,Law,38,,Public Service,92
15,Indian National Congress,Punjab,Amritsar,General,1,Male,Gurjeet Singh Aujla,Agriculture ,Graduate,,Agriculture,,,,Civil Servant,7,,Politics,46
20,Bharatiya Janata Party,Chhattisgarh,Durg,General,1,Male,Vijay Baghel,Agriculture and allied,Graduate,,Agriculture,,,,Journalism,2,,Other,53
23,Indian National Congress,Maharashtra,Nanded,General,0,Male,Chavan Vasantrao Balwantrao,Agriculture and allied,Under Graduate,,Agriculture,,,,Education,21,,Medical,29
30,Shiv Sena (Uddhav Balasaheb Thackrey),Maharashtra,Hingoli,General,1,Male,Aashtikar Patil Nagesh Bapurao,Agriculture and allied,Post Graduate,,Agriculture,,,,Other,20,,Education,21
36,National Loktantrik Party,Rajasthan,Nagaur,General,1,Male,Hanuman Beniwal,Agriculture and allied,Graduate,,Agriculture,,,,Politics,46,,total,542
37,Indian National Congress,Rajasthan,Barmer,General,1,Male,Ummeda Ram Beniwal,Agriculture and allied,Graduate,,Agriculture,,,,Profession,12,,,
38,Samajwadi Party,Uttar Pradesh,Dhaurahra,General,1,Male,Anand Bhadauria,Agriculture and politics,Post Graduate,,Agriculture,Politics,,,Social Worker,83,,,
45,Bharatiya Janata Party,Delhi,South Delhi,General,1,Male,Ramvir Singh Bidhuri,Agriculture and politics,Political Science,,Agriculture,Politics,,,Sports,3,,,
49,Bharatiya Janata Party,Karnataka,Haveri,General,1,Male,Basavaraj Bommai,Agriculture and allied,Graduate,,Agriculture,,,,Medical,29,,,
53,Bharatiya Janata Party,Uttar Pradesh,Fatehpur Sikri,General,1,Male,Rajkumar Chahar,Agriculture and allied,Graduate,,Agriculture,,,,None,4,,,
57,Samajwadi Party,Uttar Pradesh,Basti,General,1,Male,Ram Prasad Chaudhary,Agriculture and allied,Diploma,,Agriculture,,,,Public Service,2,,,
58,Rashtriya Lok Dal,Uttar Pradesh,Bijnor,General,1,Male,Chandan Chauhan,Agriculture and allied,Graduate,,Agriculture,,,,,,,,
59,Bharatiya Janata Party,Gujarat,Kheda,General,1,Male,Devusinh Chauhan,Agriculture and allied,Diploma,,Agriculture,,,,,,,,
62,Samajwadi Party,Uttar Pradesh,Kairana,General,1,Female,Iqra Choudhary,Agriculture and politics,Post Graduate,,Agriculture,Politics,,,,,,,
65,Bharatiya Janata Party,Madhya Pradesh,Hoshangabad,General,1,Male,Darshan Singh Choudhary,Agriculture and allied,Post Graduate,,Agriculture,,,,,,,,
67,Bharatiya Janata Party,Chhattisgarh,Mahasamund,General,1,Female,Roopkumari Choudhary,Agriculture and allied,Post Graduate,,Agriculture,,,,,,,,
70,Bharatiya Janata Party,Madhya Pradesh,Vidisha,General,1,Male,Shivraj Singh Chouhan,Agriculture and allied,Post Graduate,,Agriculture,,,,,,,,
72,Dravida Munnetra Kazhagam,Tamil Nadu,Kallakurichi,General,1,Male,Malaiyarasan D,Agriculture and allied,Post Graduate,,Agriculture,,,,,,,,
73,Bharatiya Janata Party,Gujarat,Patan,General,1,Male,Bharatsinhji Shankarji Dabhi,Agriculture and allied,Graduate,,Agriculture,,,,,,,,
76,Nationalist Congress Party,Maharashtra,Raigad,General,1,Male,Tatkare Sunil Dattatrey,Agriculture and allied,Post Graduate,,Agriculture,,,,,,,,
85,Lok Jan Shakti Party (Ram Vilas),Bihar,Vaishali,General,1,Female,Veena Devi,Agriculture and allied,10th,,Agriculture,,,,,,,,
86,Janata Dal (United),Bihar,Siwan,General,1,Female,Vijaylakshmi Devi,Agriculture and allied,Literate,,Agriculture,,,,,,,,
88,Bharatiya Janata Party,Maharashtra,Akola,General,1,Male,Anup Sanjay Dhotre,Agriculture and allied,Graduate,,Agriculture,,,,,,,,
91,Bharatiya Janata Party,Madhya Pradesh,Jabalpur,General,1,Male,Ashish Dubey,Agriculture and allied,Graduate,,Agriculture,,,,,,,,
92,Bharatiya Janata Party,Uttar Pradesh,Kushi Nagar,General,1,Male,Vijay Kumar Dubey,Agriculture and allied,12th,,Agriculture,,,,,,,,
107,Indian National Congress,Punjab,Firozpur,General,1,Male,Sher Singh Ghubaya,Agriculture and allied,10th,,Agriculture,,,,,,,,
114,Bharatiya Janata Party,Haryana,Faridabad,General,1,Male,Krishan Pal Gurjar,Agriculture and allied,Graduate,,Agriculture,,,,,,,,
119,Indian National Congress,Assam,Dhubri,General,1,Male,Md. Rakibul Hussain,Agriculture and allied,Post Graduate,,Agriculture,,,,,,,,
121,Bharatiya Janata Party,Gujarat,Panchmahal,General,1,Male,Rajpalsinh Mahendrasinh Jadav,Agriculture and allied,Under Graduate,,Agriculture,,,,,,,,
122,Shiv Sena,Maharashtra,Buldhana,General,1,Male,Prataprao Ganpatrao Jadhav,Agriculture and allied,Graduate,,Agriculture,,,,,,,,
123,Shiv Sena (Uddhav Balasaheb Thackrey),Maharashtra,Parbhani,General,1,Male,Sanjay Haribhau Jadhav,Agriculture and allied,10th,,Agriculture,,,,,,,,
135,Indian National Congress,Tamil Nadu,Karur,General,1,Female,S Jothimani,Agriculture and allied,Graduate,,Agriculture,,,,,,,,
136,Dravida Munnetra Kazhagam,Tamil Nadu,Pollachi,General,1,Male,Eswarasamy K,Agriculture and allied,10th,,Agriculture,,,,,,,,
139,Bharatiya Janata Party,Karnataka,Uttara Kannada,General,1,Male,Vishweshwar Hegde Kageri,Agriculture and allied,Graduate,,Agriculture,,,,,,,,
140,Indian National Congress,Maharashtra,Jalna,General,1,Male,Kalyan Vaijinathrao Kale,Agriculture and allied,Graduate,,Agriculture,,,,,,,,
141,Nationalist Congress Party - Sharadchandra Pawar,Maharashtra,Wardha,General,1,Male,Amar Sharadrao Kale,Agriculture and allied,Under Graduate,,Agriculture,,,,,,,,
142,Telugu Desam Party,Andhra Pradesh,Vizianagaram,General,1,Male,Appalanaidu Kalisetti,Agriculture and allied,Graduate,,Agriculture,,,,,,,,
143,Janata Dal (United),Bihar,Supaul,General,1,Male,Dileshwar Kamait,Agriculture and allied,Graduate,,Agriculture,,,,,,,,
144,Aam Aadmi Party,Punjab,Anandpur Sahib,General,1,Male,Malvinder Singh Kang,Agriculture and allied,Post Graduate,,Agriculture,,,,,,,,
149,All India Trinamool Congress,West Bengal,Murshidabad,General,,Male,Abu Taher Khan,"ultivation, Politics and Social service",12th,MyNeta,Agriculture,Social Worker,,,,,,,
156,Janata Dal (United),Bihar,Nalanda,General,1,Male,Kaushalendra Kumar,Agriculture and allied,Graduate,,Agriculture,,,,,,,,
158,Janata Dal (United),Bihar,Valmiki Nagar,General,1,Male,Sunil Kumar,Agriculture and allied,Graduate,,Agriculture,,,,,,,,
159,Janata Dal (Secular),Karnataka,Mandya,General,1,Male,H D Kumaraswamy,Agriculture and allied,Graduate,,Agriculture,,,,,,,,
161,Bharatiya Janata Party,Madhya Pradesh,Gwalior,General,1,Male,Bharat Singh Kushwah,Agriculture and allied,12th,,Agriculture,,,,,,,,
165,Bharatiya Janata Party,Haryana,Karnal,General,1,Male,Manohar Lal,Agriculture and allied,Graduate,,Agriculture,,,,,,,,
167,Nationalist Congress Party - Sharadchandra Pawar,Maharashtra,Ahmednagar,General,1,Male,Nilesh Dnyandev Lanke,Agriculture and allied,Graduate,,Agriculture,,,,,,,,
168,Samajwadi Party,Uttar Pradesh,Hamirpur,General,1,Male,Ajendra Singh Lodhi,Agriculture and allied,12th,,Agriculture,,,,,,,,
169,Bharatiya Janata Party,Madhya Pradesh,Damoh,General,1,Male,Rahul Singh Lodhi,Agriculture and allied,12th,,Agriculture,,,,,,,,
170,Dravida Munnetra Kazhagam,Tamil Nadu,Arani,General,1,Male,Tharaniventhan M S,Agriculture and allied,10th,,Agriculture,,,,,,,,
172,Samajwadi Party,Uttar Pradesh,Kheri,General,1,Male,Utkarsh Verma Madhur,Agriculture and allied,Post Graduate,,Agriculture,,,,,,,,
173,Indian National Congress,Chhattisgarh,Korba,General,1,Female,Jyotsna Charandas Mahant,Agriculture and allied,Post Graduate,,Agriculture,,,,,,,,
174,Bharatiya Janata Party,Jharkhand,Jamshedpur,General,1,Male,Bidyut Baran Mahato,Agriculture and allied,12th,,Agriculture,,,,,,,,
176,Bharatiya Janata Party,West Bengal,Purulia,General,1,Male,Jyotirmay Singh Mahato,Agriculture and allied,Graduate,,Agriculture,,,,,,,,
181,Samajwadi Party,Uttar Pradesh,Muzaffarnagar,General,1,Male,Harendra Singh Malik,Agriculture and allied,Graduate,,Agriculture,,,,,,,,
183,Janata Dal (United),Bihar,Jhanjharpur,General,1,Male,Ramprit Mandal,Agriculture and allied,10th,,Agriculture,,,,,,,,
188,Indian National Congress,Uttar Pradesh,Saharanpur,General,,Male,Imran Masood,Agriculture,,MyNeta,Agriculture,,,,,,,,
190,Samajwadi Party,Uttar Pradesh,Aonla,General,1,Male,Neeraj Maurya,Agriculture and allied,Graduate,,Agriculture,,,,,,,,
202,Bharatiya Janata Party,Maharashtra,Pune,General,1,Male,Murlidhar Mohol,Agriculture and allied,Graduate,,Agriculture,,,,,,,,
205,Bharatiya Janata Party,Madhya Pradesh,Rajgarh,General,1,Male,Rodmal Nagar,Agriculture and allied,Graduate,,Agriculture,,,,,,,,
206,Telugu Desam Party,Andhra Pradesh,Kurnoolu,General,1,Male,Bastipati Nagaraju,Agriculture and allied,Post Graduate,,Agriculture,,,,,,,,
211,Samajwadi Party,Uttar Pradesh,Sant Kabir Nagar,General,1,Male,Laxmikant Pappu Nishad,Agriculture and allied,12th,,Agriculture,,,,,,,,
212,Samajwadi Party,Uttar Pradesh,Sultanpur,General,,Male,Rambhual Nishad,Agriculture and allied,Graduate,,Agriculture,,,,,,,,
215,Dravida Munnetra Kazhagam,Tamil Nadu,Coimbatore,General,1,Male,Ganapathy Rajkumar P,Agriculture and allied,Post Graduate,,Agriculture,,,,,,,,
218,Samajwadi Party,Uttar Pradesh,Ballia,General,,Male,Sanatan Pandey,Agriculture and allied,Graduate,MyNeta,Agriculture,,,,,,,,
219,Bharatiya Janata Party,Chhattisgarh,Rajnandgaon,General,1,Male,Santosh Pandey,Agriculture and allied,Graduate,,Agriculture,,,,,,,,
220,Bharatiya Janata Party,Odisha,Kandhamal,General,1,Male,Sukanta Kumar Panigrahi,Agriculture and allied,Post Graduate,,Agriculture,,,,,,,,
225,Indian National Congress,Haryana,Hisar,General,1,Male,Jai Parkash,Agriculture and allied,12th,,Agriculture,,,,,,,,
226,Telugu Desam Party,Andhra Pradesh,Hindupur,General,1,Male,B K Parthasarathi,Agriculture and allied,Graduate,,Agriculture,,,,,,,,
232,Indian National Congress,Karnataka,Hassan,General,1,Male,Shreyas M Patel,Agriculture and allied,Graduate,,Agriculture,,,,,,,,
235,Bharatiya Janata Party,Gujarat,Navsari,General,1,Male,Chandrakant Raghunath Patil,Agriculture and allied,Under Graduate,,Agriculture,,,,,,,,
236,Bharatiya Janata Party,Madhya Pradesh,Khandwa,General,1,Male,Gyaneshwar Patil,Agriculture and allied,Graduate,,Agriculture,,,,,,,,
242,Bharatiya Janata Party,Karnataka,Udupi Chikmagalur,General,1,Male,Kota Srinivasa Poojary,Agriculture and allied,,,Agriculture,,,,,,,,
247,Samajwadi Party,Uttar Pradesh,Faizabad,General,1,Male,Awadhesh Prasad,Agriculture and allied,Post Graduate,,Agriculture,,,,,,,,
250,Bharatiya Janata Party,Uttar Pradesh,Pilibhit,General,1,Male,Jitin Prasada,Agriculture and allied,Post Graduate,,Agriculture,,,,,,,,
253,Bharatiya Janata Party,Odisha,Bargarh,General,1,Male,Pradeep Purohit,Agriculture and allied,12th,,Agriculture,,,,,,,,
259,All India Trinamool Congress,West Bengal,Jangipur,General,1,Male,Khalilur Rahaman,Agriculture and allied,Graduate,,Agriculture,,,,,,,,
260,Bharatiya Janata Party,Bihar,Ujiarpur,General,1,Male,Nityanand Rai,Agriculture and allied,Graduate,,Agriculture,,,,,,,,
262,Samajwadi Party,Uttar Pradesh,Salempur,General,1,Male,Ramashankar Rajbhar,Agriculture and allied,Graduate,,Agriculture,,,,,,,,
263,Bharatiya Janata Party,Telangana,Malkajgiri,General,1,Male,Eatala Rajender,Agriculture and allied,Graduate,,Agriculture,,,,,,,,
264,Shiv Sena (Uddhav Balasaheb Thackrey),Maharashtra,Osmanabad,General,1,Male,Omprakash Bhupalsinh Alias Pavan Rajenimbalkar,Agriculture and allied,Graduate,,Agriculture,,,,,,,,
265,Bharatiya Janata Party,Uttar Pradesh,Farrukhabad,General,1,Male,Mukesh Rajput,Agriculture and allied,Graduate,,Agriculture,,,,,,,,
266,Nationalist Congress Party - Sharadchandra Pawar,Maharashtra,Madha,General,1,Male,Mohite Patil Dhairyasheel Rajsinh,Agriculture and allied,Post Graduate,,Agriculture,,,,,,,,
267,Communist Party of India (Marxist),Rajasthan,Sikar,General,1,Male,Amra Ram,Agriculture and allied,Graduate,,Agriculture,,,,,,,,
268,Bharatiya Janata Party,Rajasthan,Jalore,General,1,Male,Lumba Ram,Agriculture and allied,10th,,Agriculture,,,,,,,,
271,Indian National Congress,Punjab,Gurdaspur,General,1,Male,Sukhjinder Singh Randhawa,Agriculture and allied,,MyNeta,Agriculture,,,,,,,,
272,Independent,Bihar,Purnia,General,1,Male,Rajesh Ranjan,Agriculture and allied,Graduate,,Agriculture,,,,,,,,
280,Telugu Desam Party,Andhra Pradesh,Ongole,General,1,Male,Magunta Sreenivasulu Reddy,Agriculture and allied,Graduate,,Agriculture,,,,,,,,
289,Bharatiya Janata Party,Gujarat,Rajkot,General,1,Male,Parshottambhai Rupala,Agriculture and allied,Graduate,,Agriculture,,,,,,,,
290,Dravida Munnetra Kazhagam,Tamil Nadu,Namakkal,General,1,Male,Matheswaran V S,Agriculture and allied,10th,,Agriculture,,,,,,,,
291,Dravida Munnetra Kazhagam,Tamil Nadu,Thanjavur,General,1,Male,Murasoli S,Agriculture and allied,Graduate,,Agriculture,,,,,,,,
297,Bharatiya Janata Party,Odisha,Balasore,General,1,Male,Pratap Chandra Sarangi,Agriculture and allied,Graduate,,Agriculture,,,,,,,,
302,Dravida Munnetra Kazhagam,Tamil Nadu,Salem,General,1,Male,Selvaganapathi T.M.,Agriculture and allied,Post Graduate,,Agriculture,,,,,,,,
307,Indian National Congress,Maharashtra,Kolhapur,General,1,Male,Chhatrapati Shahu Shahaji,Agriculture and allied,Graduate,,Agriculture,,,,,,,,
308,Samajwadi Party,Uttar Pradesh,Etah,General,1,Male,Devesh Shakya,Agriculture and allied,Post Graduate,,Agriculture,,,,,,,,
310,Bharatiya Janata Party,Madhya Pradesh,Bhopal,General,1,Male,Alok Sharma,Agriculture and allied,Graduate,,Agriculture,,,,,,,,
312,Bharatiya Janata Party,Madhya Pradesh,Khajuraho,General,1,Male,Vishnu Datt Sharma,Agriculture and allied,Post Graduate,,Agriculture,,,,,,,,
316,Indian National Congress,Telangana,Zahirabad,General,1,Male,Suresh Kumar Shetkar,Agriculture and allied,Graduate,,Agriculture,,,,,,,,
318,Bharatiya Janata Party,Gujarat,Surendranagar,General,1,Male,Chandubhai Chhaganbhai Shihora,Agriculture and allied,12th,,Agriculture,,,,,,,,
320,Bharatiya Janata Party,Bihar,Maharajganj,General,1,Male,Janardan Singh Sigriwal,Agriculture and allied,Post Graduate,,Agriculture,,,,,,,,
323,Bharatiya Janata Party,Uttar Pradesh,Akbarpur,General,1,Male,Devendra Singh Alias Bhole Singh,Agriculture and allied,10th,,Agriculture,,,,,,,,
326,Bharatiya Janata Party,Madhya Pradesh,Satna,General,1,Male,Ganesh Singh,Agriculture and allied,Post Graduate,,Agriculture,,,,,,,,
327,Bharatiya Janata Party,Bihar,Begusarai,General,1,Male,Giriraj Singh,Agriculture and allied,Graduate,,Agriculture,,,,,,,,
330,Bharatiya Janata Party,Uttar Pradesh,Gonda,General,1,Male,Kirti Vardhan Singh,Agriculture and allied,Post Graduate,,Agriculture,,,,,,,,
331,Bharatiya Janata Party,Bihar,Araria,General,1,Male,Pradeep Kumar Singh,Agriculture and allied,10th,,Agriculture,,,,,,,,
332,Bharatiya Janata Party,Bihar,Purvi Champaran,General,1,Male,Radha Mohan Singh,Agriculture and allied,Graduate,,Agriculture,,,,,,,,
337,Bharatiya Janata Party,Rajasthan,Jaipur Rural,General,1,Male,Rao Rajendra Singh,Agriculture and allied,Graduate,,Agriculture,,,,,,,,
340,Samajwadi Party,Uttar Pradesh,Chandauli,General,1,Male,Virendra Singh,Agriculture and allied,Graduate,,Agriculture,,,,,,,,
344,Bharatiya Janata Party,Karnataka,Tumkur,General,1,Male,V Somanna,Agriculture and allied,Graduate,,Agriculture,,,,,,,,
354,Bharatiya Janata Party,Assam,Silchar,General,1,Male,Parimal Suklabaidya,Agriculture and allied,Graduate,,Agriculture,,,,,,,,
358,Bharatiya Janata Party,Gujarat,Amreli,General,1,Male,Bharatbhai Manubhai Sutariya,Agriculture and allied,10th,,Agriculture,,,,,,,,
363,Indian National Congress,Gujarat,Banaskantha,General,,Female,Geniben Nagaji Thakor,"Agriculture, social activist",,MyNeta,Agriculture,Social activist,,,,,,,
367,Bharatiya Janata Party,Bihar,Nawada,General,1,Male,Vivek Thakur,Agriculture and allied,Graduate,,Agriculture,,,,,,,,
368,Dravida Munnetra Kazhagam,Tamil Nadu,Theni,General,1,Male,tamilselvan thanga,Agriculture and allied,Post Graduate,,Agriculture,,,,,,,,
371,Bharatiya Janata Party,Madhya Pradesh,Morena,General,1,Male,Shivmangal Singh Tomar,Agriculture and allied,Graduate,,Agriculture,,,,,,,,
374,Indian National Congress,Puducherry,Puducherry,General,1,Male,Ve Vaithilingam,Agriculture and allied,Graduate,,Agriculture,,,,,,,,
377,Bharatiya Janata Party,Gujarat,Bharuch,General,1,Male,Mansukhbhai Dhanjibhai Vasava,Agriculture and allied,Graduate,,Agriculture,,,,,,,,
382,Samajwadi Party,Uttar Pradesh,Ambedkar Nagar,General,1,Male,Lalji Verma,Agriculture and allied,Post Graduate,,Agriculture,,,,,,,,
384,Samajwadi Party,Uttar Pradesh,Shrawasti,General,1,Male,Ram Shiromani Verma,Agriculture and allied,Graduate,,Agriculture,,,,,,,,
389,Shiv Sena (Uddhav Balasaheb Thackrey),Maharashtra,Nashik,General,1,Male,Rajabhau Parag Prakash Waje,Agriculture and allied,Graduate,,Agriculture,,,,,,,,
390,Bharatiya Janata Party,Madhya Pradesh,Sagar,General,1,Female,Lata Wankhede,Agriculture and allied,Post Graduate,,Agriculture,,,,,,,,
391,Indian National Congress,Punjab,Ludhiana,General,1,Male,Amrinder Singh Raja Warring,Agriculture and allied,,,Agriculture,,,,,,,,
393,Samajwadi Party,Uttar Pradesh,Kannauj,General,1,Male,Akhilesh Yadav,Agriculture and allied,Graduate,,Agriculture,,,,,,,,
394,Samajwadi Party,Uttar Pradesh,Firozabad,General,1,Male,Akshay Yadav,Agriculture and allied,Graduate,,Agriculture,,,,,,,,
395,Bharatiya Janata Party,Bihar,Madhubani,General,1,Male,Ashok Kumar Yadav,Agriculture and allied,Doctorate,,Agriculture,,,,,,,,
397,Samajwadi Party,Uttar Pradesh,Azamgarh,General,1,Male,Dharmendra Yadav,Agriculture and allied,Post Graduate,,Agriculture,,,,,,,,
399,Janata Dal (United),Bihar,Banka,General,1,Male,Giridhari Yadav,Agriculture and allied,Post Graduate,,Agriculture,,,,,,,,
404,Samajwadi Party,Uttar Pradesh,Jalaun,Scheduled Caste,1,Male,Narayandas Ahirwar,Agriculture and allied,Graduate,,Agriculture,,,,,,,,
406,Bharatiya Janata Party,Uttar Pradesh,Agra,Scheduled Caste,1,Male,Prof. Prof S P Singh Baghel,Agriculture and allied,Doctorate,,Agriculture,,,,,,,,
416,Samajwadi Party,Uttar Pradesh,Mohanlalganj,Scheduled Caste,1,Male,R K Chaudhary,Agriculture and allied,Graduate,,Agriculture,,,,,,,,
417,Indian National Congress,Haryana,Ambala,Scheduled Caste,1,Male,Varun Chaudhry,Agriculture and allied,Graduate,,Agriculture,,,,,,,,
418,Samajwadi Party,Uttar Pradesh,Robertsganj,Scheduled Caste,1,Male,Chhotelal,Agriculture and allied,Primary,,Agriculture,,,,,,,,
421,Dravida Munnetra Kazhagam,Tamil Nadu,Kancheepuram,Scheduled Caste,1,Male,Selvam G,Agriculture and allied,Post Graduate,,Agriculture,,,,,,,,
425,Indian National Congress,Rajasthan,Ganganagar,Scheduled Caste,1,Male,Kuldeep Indora,Agriculture and allied,Post Graduate,,Agriculture,,,,,,,,
427,Indian National Congress,Rajasthan,Karauli-Dholpur,Scheduled Caste,Male,Bhajan Lal Jatav,Agriculture and Business,,MyNeta,,Business,Agriculture,,,,,,,
429,Bharatiya Janata Party,Karnataka,Bijapur,Scheduled Caste,1,Male,Ramesh Chandappa Jigajinagi,Agriculture and allied,Graduate,,Agriculture,,,,,,,,
431,Bharatiya Janata Party,Karnataka,Chitradurga,Scheduled Caste,1,Male,Govind Makthappa Karjol,Agriculture and allied,10th,,Agriculture,,,,,,,,
432,Bharatiya Janata Party,Himachal Pradesh,Shimla,Scheduled Caste,1,Male,Suresh Kumar Kashyap,Agriculture and allied,Post Graduate,,Agriculture,,,,,,,,
439,Indian National Congress,Bihar,Sasaram,Scheduled Caste,1,Male,Manoj Kumar,Agriculture and allied,Graduate,,Agriculture,,,,,,,,
440,Indian National Congress,Haryana,Sirsa,Scheduled Caste,1,Female,Kumari Selja,Agriculture and allied,Post Graduate,,Agriculture,,,,,,,,
444,Bharatiya Janata Party,Assam,Karimganj,Scheduled Caste,1,Male,Kripanath Mallah,Agriculture and allied,Graduate,,Agriculture,,,,,,,,
451,Bharatiya Janata Party,Uttar Pradesh,Hardoi,Scheduled Caste,1,Male,Jai Prakash,Agriculture and allied,Graduate,,Agriculture,,,,,,,,
452,Indian National Congress,Uttar Pradesh,Barabanki,Scheduled Caste,1,Male,Tanuj Punia,Agriculture and allied,Graduate,,Agriculture,,,,,,,,
453,Indian National Congress,Karnataka,Gulbarga,Scheduled Caste,1,Male,Radhakrishna,Agriculture and allied,,,Agriculture,,,,,,,,
461,Bharatiya Janata Party,Uttar Pradesh,Shahjahanpur,Scheduled Caste,1,Male,Arun Kumar Sagar,Agriculture and allied,12th,,Agriculture,,,,,,,,
465,Samajwadi Party,Uttar Pradesh,Lalganj,Scheduled Caste,Male,Daroga Prasad Saroj,"Agriculture, Public service",Graduate,MyNeta,,Public Service,Agriculture,,,,,,,
483,Communist Party of India,Tamil Nadu,Nagapattinam,Scheduled Caste,1,Male,Com. Selvaraj V,Agriculture and allied,Post Graduate,,Agriculture,,,,,,,,
484,Bharatiya Janata Party,Uttar Pradesh,Hathras,Scheduled Caste,Male,Anoop Pradhan Valmiki,Agriculture and allied,Graduate,MyNeta,,Agriculture,,,,,,,,
486,Indian National Congress,Maharashtra,Amravati,Scheduled Caste,1,Male,Balwant Baswant Wankhade,Agriculture and allied,Under Graduate,,Agriculture,,,,,,,,
489,"United Peoples Party, Liberal",Assam,Kokrajhar,Scheduled Tribe,1,Male,Joyanta Basumatary,Agriculture and allied,Graduate,,Agriculture,,,,,,,,
490,Bharatiya Janata Party,Gujarat,Dahod,Scheduled Tribe,1,Male,Jaswantsinh Sumanbhai Bhabhor,Agriculture and allied,Graduate,,Agriculture,,,,,,,,
493,Bharatiya Janata Party,Madhya Pradesh,Ratlam,Scheduled Tribe,1,Female,Anita Nagarsingh Chouhan,Agriculture and allied,Post Graduate,,Agriculture,,,,,,,,
494,Bharatiya Janata Party,Tripura,Tripura East,Scheduled Tribe,1,Female,Kriti Devi Debbarman,Agriculture and allied,Diploma,,Agriculture,,,,,,,,
495,Jharkhand Mukti Morcha,Jharkhand,Rajmahal,Scheduled Tribe,1,Male,Vijay Kumar Hansdak,Agriculture and allied,10th,,Agriculture,,,,,,,,
496,Bharatiya Janata Party,Chhattisgarh,Bastar,Scheduled Tribe,1,Male,Mahesh Kashyap,Agriculture and allied,10th,,Agriculture,,,,,,,,
499,Bharatiya Janata Party,Madhya Pradesh,Mandla,Scheduled Tribe,1,Male,Faggan Singh Kulaste,Agriculture and allied,Post Graduate,,Agriculture,,,,,,,,
500,Bharatiya Janata Party,Chhattisgarh,Surguja,Scheduled Tribe,1,Male,Chintamani Maharaj,Agriculture and allied,12th,,Agriculture,,,,,,,,
502,Bharatiya Janata Party,Odisha,Mayurbhanj,Scheduled Tribe,1,Male,Naba Charan Majhi,Agriculture and allied,Graduate,,Agriculture,,,,,,,,
503,Jharkhand Mukti Morcha,Jharkhand,Singhbhum,Scheduled Tribe,,Female,Joba Majhi,Agriculture ,,MyNeta,Agriculture,,,,,,,,
505,Indian National Congress,Jharkhand,Khunti,Scheduled Tribe,1,Male,Kali Charan Munda,Agriculture and allied,12th,,Agriculture,,,,,,,,
506,Bharatiya Janata Party,Chhattisgarh,Kanker,Scheduled Tribe,,Male,Bhojraj Nag,Agriculture ,Under Matric,MyNeta,Agriculture,,,,,,,,
507,Bharatiya Janata Party,Telangana,Adilabad,Scheduled Tribe,1,Male,Godam Nagesh,Agriculture and allied,Post Graduate,,Agriculture,,,,,,,,
510,Bharatiya Janata Party,Odisha,Sundargarh,Scheduled Tribe,1,Male,Jual Oram,Agriculture and allied,Diploma,,Agriculture,,,,,,,,
513,Bharatiya Janata Party,Madhya Pradesh,Khargone,Scheduled Tribe,1,Male,Gajendra Singh Patel,Agriculture and allied,Graduate,,Agriculture,,,,,,,,
517,Bharatiya Janata Party,Gujarat,Chhota Udaipur,Scheduled Tribe,1,Male,Jashubhai Bhilubhai Rathva,Agriculture and allied,Graduate,,Agriculture,,,,,,,,
519,Bharat Adivasi Party,Rajasthan,Banswara,Scheduled Tribe,1,Male,Rajkumar Roat,Agriculture and allied,Graduate,,Agriculture,,,,,,,,
524,Bharatiya Janata Party,Madhya Pradesh,Shahdol,Scheduled Tribe,1,Female,Himadri Singh,Agriculture and allied,Graduate,,Agriculture,,,,,,,,
525,Jharkhand Mukti Morcha,Jharkhand,Dumka,Scheduled Tribe,1,Male,Nalin Soren,Agriculture and allied,Graduate,,Agriculture,,,,,,,,
527,Bharatiya Janata Party,Madhya Pradesh,Dhar,Scheduled Tribe,1,Female,Savitri Thakur,Agriculture and allied,12th,,Agriculture,,,,,,,,
531,Bharatiya Janata Party,Madhya Pradesh,Betul,Scheduled Tribe,1,Male,Durgadas D D Uikey,Agriculture and allied,Post Graduate,,Agriculture,,,,,,,,
532,Indian National Congress,Odisha,Koraput,Scheduled Tribe,1,Male,Saptagiri Sankar Ulaka,Agriculture and allied,Graduate,,Agriculture,,,,,,,,
535,Shiv Sena (Uddhav Balasaheb Thackrey),Maharashtra,Yavatmal-Washim,General,1,Male,Sanjay Uttamrao Deshmukh,Agriculture and allied,Graduate,,Agriculture,,,,,,,,
537,Shiv Sena,Maharashtra,Hatkanangle,General,1,Male,Dhairyasheel Sambhajirao Mane,Agriculture and allied,Graduate,,Agriculture,,,,,,,,
540,Bharatiya Janata Party,Maharashtra,Ratnagiri-Sindhudurg,General,1,Male,Narayan Tatu Rane,Agriculture and allied,,,Agriculture,,,,,,,,
3,Bharatiya Janata Party,Rajasthan,Bhilwara,General,1,Male,Damodar Agrawal,Businessperson,Post Graduate,,Business,,,,,,,,
7,Dravida Munnetra Kazhagam,Tamil Nadu,Vellore,General,1,Male,D M Kathir Anand,Businessperson,Post Graduate,,Business,,,,,,,,
9,Dravida Munnetra Kazhagam,Tamil Nadu,Tiruvannamalai,General,1,Male,C N Annadurai,Businessperson,Graduate,,Business,,,,,,,,
21,Bharatiya Janata Party,Gujarat,Anand,General,1,Male,Mitesh Patel Bakabhai,Businessperson,Diploma,,Business,,,,,,,,
43,All India Trinamool Congress,West Bengal,Barrackpur,General,1,Male,Partha Bhowmick,Businessperson,Post Graduate,,Business,,,,,,,,
47,Bharatiya Janata Party,Rajasthan,Kota,General,1,Male,Om Birla,Businessperson,Post Graduate,,Business,,,,,,,,
48,Bharatiya Janata Party,West Bengal,Darjeeling,General,1,Male,Raju Bista,Businessperson,Graduate,,Business,,,,,,,,
60,Indian National Congress,Tamil Nadu,Sivaganga,General,1,Male,Karti P Chidambaram,Businessperson,Graduate,,Business,,,,,,,,
63,Bharatiya Janata Party,Rajasthan,Ajmer,General,1,Male,Bhagirath Choudhary,Businessperson,Graduate,,Business,,,,,,,,
66,Bharatiya Janata Party,Uttar Pradesh,Maharajganj,General,1,Male,Pankaj Choudhary,Businessperson,Graduate,,Business,,,,,,,,
68,Indian National Congress,West Bengal,Maldaha Dakshin,General,1,Male,Isha Khan Choudhury,Businessperson,,,Business,,,,,,,,
71,Bharatiya Janata Party,Karnataka,Dakshina Kannada,General,1,Male,Captain Brijesh Chowta,Businessperson,Graduate,,Business,,,,,,,,
74,Bharatiya Janata Party,Gujarat,Surat,General,1,Male,Mukeshkumar Chandrakaant Dalal,Businessperson,Graduate,,Business,,,,,,,,
90,Bharatiya Janata Party,Jharkhand,Godda,General,1,Male,Nishikant Dubey,Businessperson,Post Graduate,,Business,,,,,,,,
93,Bharatiya Janata Party,Assam,Sonitpur,General,1,Male,Ranjit Dutta,Businessperson,12th,,Business,,,,,,,,
103,Bharatiya Janata Party,Uttar Pradesh,Ghaziabad,General,1,Male,Atul Garg,Businessperson,Graduate,,Business,,,,,,,,
104,Bharatiya Janata Party,Uttar Pradesh,Aligarh,General,1,Male,Satish Kumar Gautam,Businessperson,Graduate,,Business,,,,,,,,
115,Independent,Ladakh,Ladakh,General,1,Male,Mohmad Haneefa,Businessperson,,,Business,,,,,,,,
117,Indian National Congress,Karnataka,Koppal,General,1,Male,K Rajashekar Basavaraj Hitnal,Businessperson,,,Business,,,,,,,,
120,All India Trinamool Congress,West Bengal,Basirhat,General,1,Male,Sk Nurul Islam,Businessperson,Under Matric,,Business,,,,,,,,
124,Dravida Munnetra Kazhagam,Tamil Nadu,Arakkonam,General,1,Male,S Jagathratchakan,Businessperson,Post Graduate,,Business,,,,,,,,
126,Bharatiya Janata Party,Jharkhand,Hazaribagh,General,1,Male,Manish Jaiswal,Businessperson,Graduate,,Business,,,,,,,,
128,Indian National Congress,Karnataka,Chikkodi,General,1,Female,Km. Priyanka Satish Jarkiholi,Businessperson,,,Business,,,,,,,,
134,Bharatiya Janata Party,Karnataka,Dharwad,General,1,Male,Pralhad Joshi,Businessperson,Graduate,,Business,,,,,,,,
137,Indian Union Muslim League,Tamil Nadu,Ramanathapuram,General,1,Male,Navaskani K,Businessperson,10th,,Business,,,,,,,,
147,Indian National Congress,Rajasthan,Churu,General,1,Male,Rahul Kaswan,Businessperson,Graduate,,Business,,,,,,,,
150,Bharatiya Janata Party,Delhi,Chandni Chowk,General,1,Male,Praveen Khandelwal,Businessperson,Graduate,,Business,,,,,,,,
157,Telugu Desam Party,Andhra Pradesh,Eluru,General,,Male,Putta Mahesh Kumar,Businessperson,Graduate,MyNeta,Business,,,,,,,,
163,Telugu Desam Party,Andhra Pradesh,Ananthapur,General,1,Male,G Lakshminarayana,Businessperson,Graduate,,Business,,,,,,,,
164,Indian National Congress,Uttar Pradesh,Amethi,General,1,Male,Kishori Lal,Businessperson,Graduate,,Business,,,,,,,,
166,Bharatiya Janata Party,Madhya Pradesh,Indore,General,1,Male,Shankar Lalwani,Businessperson,Graduate,,Business,,,,,,,,
171,Bharatiya Janata Party,Gujarat,Jamnagar,General,1,Female,Poonamben Hematbhai Maadam,Businessperson,Graduate,,Business,,,,,,,,
179,Bharatiya Janata Party,Delhi,East Delhi,General,1,Male,Harsh Malhotra,Businessperson,Graduate,,Business,,,,,,,,
187,Dravida Munnetra Kazhagam,Tamil Nadu,Chennai Central,General,1,Male,Thiru Dayanidhi Maran,Businessperson,Graduate,,Business,,,,,,,,
191,Bharatiya Janata Party,Assam,Guwahati,General,Handloom and Handicraft,Female,Bijuli Kalita Medhi,Businessperson,Post Graduate,MyNeta,Business,,,,,,,,
194,Bharatiya Janata Party,Rajasthan,Rajsamand,General,1,Female,Mahima Kumari Mewar,Businessperson,Graduate,,Business,,,,,,,,
195,Shiv Sena,Maharashtra,Thane,General,,Male,Naresh Ganpat Mhaske,Businessperson,12th,,Business,,,,,,,,
196,Nationalist Congress Party - Sharadchandra Pawar,Maharashtra,Bhiwandi,General,1,Male,Balya Mama Suresh Gopinath Mhatre,Businessperson,12th,,Business,,,,,,,,
200,Bharatiya Janata Party,Karnataka,Bangalore Central,General,1,Male,P C Mohan,Businessperson,12th,,Business,,,,,,,,
207,Telugu Desam Party,Andhra Pradesh,Srikakulam,General,1,Male,Kinjarapu Rammohan Naidu,Businessperson,Post Graduate,,Business,,,,,,,,
208,Bharatiya Janata Party,Goa,North Goa,General,1,Male,Shripad Yesso Naik,Businessperson,Graduate,,Business,,,,,,,,
210,Dravida Munnetra Kazhagam,Tamil Nadu,Perambalur,General,1,Male,Arun Nehru,Businessperson,Post Graduate,,Business,,,,,,,,
229,Bharatiya Janata Party,Gujarat,Ahmedabad East,General,1,Male,Hasmukhbhai Somabhai Patel,Businessperson,Diploma,,Business,,,,,,,,
231,Bharatiya Janata Party,Uttar Pradesh,Phulpur,General,1,Male,Praveen Patel,Businessperson,Post Graduate,,Business,,,,,,,,
237,Shiv Sena (Uddhav Balasaheb Thackrey),Maharashtra,Mumbai North East,General,1,Male,Sanjay Dina Patil,Businessperson,Graduate,,Business,,,,,,,,
238,Independent,Maharashtra,Sangli,General,1,Male,Vishaldada Prakashbapu Patil,Businessperson,Graduate,,Business,,,,,,,,
240,Bharatiya Janata Party,West Bengal,Raiganj,General,1,Male,Kartick Chandra Paul,Businessperson,Graduate,,Business,,,,,,,,
245,Dravida Munnetra Kazhagam,Tamil Nadu,Erode,General,1,Male,K E Prakash,Businessperson,Graduate,,Business,,,,,,,,
246,Indian National Congress,Tamil Nadu,Cuddalore,General,1,Male,M K Vishnu Prasad,Businessperson,Graduate,,Business,,,,,,,,
274,Indian National Congress,Uttar Pradesh,Sitapur,General,1,Male,Rakesh Rathor,Businessperson,Graduate,,Business,,,,,,,,
277,Indian National Congress,Telangana,Bhongir,General,,Male,Chamala Kiran Kumar Reddy,Businessperson,,MyNeta,Business,,,,,,,,
282,Indian National Congress,Telangana,Khammam,General,1,Male,Ramasahayam Raghuram Reddy,Businessperson,Graduate,,Business,,,,,,,,
283,Yuvajana Sramika Rythu Congress Party,Andhra Pradesh,Kadapa,General,1,Male,Y S Avinash Reddy,Businessperson,Graduate,,Business,,,,,,,,
301,Bharatiya Janata Party,Delhi,West Delhi,General,1,Female,Kamaljeet Sehrawat,Businessperson,Post Graduate,,Business,,,,,,,,
311,Bharatiya Janata Party,Uttar Pradesh,Jhansi,General,1,Male,Anurag Sharma,Businessperson,Graduate,,Business,,,,,,,,
315,Bharatiya Janata Party,Rajasthan,Jodhpur,General,1,Male,Gajendra Singh Shekhawat,Businessperson,Post Graduate,,Business,,,,,,,,
325,Bharatiya Janata Party,Rajasthan,Jhalawar-Baran,General,1,Male,Dushyant Singh,Businessperson,Graduate,,Business,,,,,,,,
329,Bharatiya Janata Party,Uttar Pradesh,Kaiserganj,General,1,Male,Karan Bhushan Singh,Businessperson,Graduate,,Business,,,,,,,,
343,Telugu Desam Party,Andhra Pradesh,Vijayawada,General,1,Male,Kesineni Sivanath,Entrepreneur,Graduate,,Business,,,,,,,,
346,Nationalist Congress Party - Sharadchandra Pawar,Maharashtra,Beed,General,1,Male,Bajrang Manohar Sonwane,Businessperson,Graduate,,Business,,,,,,,,
349,Janasena Party,Andhra Pradesh,Kakinada,General,1,Male,Tangella Uday Srinivas,Businessperson,,,Business,,,,,,,,
356,Indian National Congress,Maharashtra,Chandrapur,General,1,Female,Dhanorkar Pratibha Suresh,Businessperson,12th,,Business,,,,,,,,
360,Bharatiya Janata Party,Uttar Pradesh,Amroha,General,1,Male,Kanwar Singh Tanwar,Businessperson,Under Matric,,Business,,,,,,,,
361,Bharatiya Janata Party,Assam,Kaziranga,General,1,Male,Kamakhya Prasad Tasa,Businessperson,Post Graduate,,Business,,,,,,,,
373,Marumalarchi Dravida Munnetra Kazhagam,Tamil Nadu,Tiruchirappalli,General,1,Male,Durai Vaiko,Businessperson,,,Business,,,,,,,,
375,Janasena Party,Andhra Pradesh,Machilipatnam,General,1,Male,Balashowry Vallabhaneni,Businessperson,Graduate,,Business,,,,,,,,
379,Telugu Desam Party,Andhra Pradesh,Nellore,General,1,Male,Prabhakar Reddy Vemireddy,Businessperson,Graduate,,Business,,,,,,,,
387,Bharatiya Janata Party,Maharashtra,Jalgaon,General,1,Female,Smita Uday Wagh,Businessperson,Graduate,,Business,,,,,,,,
388,Shiv Sena,Maharashtra,Mumbai North West,General,1,Male,Ravindra Dattaram Waikar,Businessperson,Graduate,,Business,,,,,,,,
405,Janata Dal (Secular),Karnataka,Kolar,Scheduled Caste,1,Male,M Mallesh Babu,Businessperson,Post Graduate,,Business,,,,,,,,
408,Indian National Congress,Maharashtra,Ramtek,Scheduled Caste,1,Male,Shyamkumar Daulat Barve,Businessperson,,,Business,,,,,,,,
411,Lok Jan Shakti Party (Ram Vilas),Bihar,Jamui,Scheduled Caste,1,Male,Arun Bharti,Entrepreneur,Post Graduate,,Business,,,,,,,,
412,Indian National Congress,Karnataka,Chamarajanagar,Scheduled Caste,1,Male,Sunil Bose,Businessperson,12th,,Business,,,,,,,,
414,Bharatiya Janata Party,Delhi,North West Delhi,Scheduled Caste,1,Male,Yogender Chandolia,Businessperson,Graduate,,Business,,,,,,,,
415,Indian National Congress,Punjab,Jalandhar,Scheduled Caste,1,Male,Charanjit Singh Channi,Businessperson,Doctorate,,Business,,,,,,,,
419,Samajwadi Party,Uttar Pradesh,Etawah,Scheduled Caste,1,Male,Jitendra Kumar Dohare,Businessperson,12th,,Business,,,,,,,,
422,Indian National Congress,Telangana,Peddapalle,Scheduled Caste,1,Male,Vamsi Krishna Gaddam,Businessperson,Graduate,,Business,,,,,,,,
424,All India Trinamool Congress,West Bengal,Mathurapur,Scheduled Caste,Male,Bapi Haldar,Business,Graduate,MyNeta,,Business,,,,,,,,
436,Bharatiya Janata Party,Uttar Pradesh,Baharaich,Scheduled Caste,1,Male,Anand Kumar,Businessperson,Doctorate,,Business,,,,,,,,
450,Bharatiya Janata Party,Uttar Pradesh,Bansgaon,Scheduled Caste,1,Male,Kamlesh Paswan,Businessperson,Post Graduate,,Business,,,,,,,,
456,Telugu Desam Party,Andhra Pradesh,Chittoor,Scheduled Caste,1,Male,Daggumalla Prasada Rao,Businessperson,Post Graduate,,Business,,,,,,,,
473,Bharatiya Janata Party,Uttar Pradesh,Bulandshahr,Scheduled Caste,1,Male,Bhola Singh,Businessperson,Graduate,,Business,,,,,,,,
488,Independent,Dadra and Nagar Haveli and Daman and Diu,Daman and Diu,Scheduled Tribe,1,Male,Patel Umeshbhai Babubhai,Businessperson,Graduate,,Business,,,,,,,,
512,Bharatiya Janata Party,Gujarat,Valsad,Scheduled Tribe,1,Male,Dhaval Laxmanbhai Patel,Businessperson,Post Graduate,,Business,,,,,,,,
520,Bharatiya Janata Party,Assam,Darang Udalguri,Scheduled Tribe,1,Male,Dilip Saikia,Businessperson,Graduate,,Business,,,,,,,,
521,Indian National Congress,Meghalaya,Tura,Scheduled Tribe,1,Male,Saleng A Sangma,Businessperson,Post Graduate,,Business,,,,,,,,
96,Indian National Congress,Goa,South Goa,General,1,Male,Captain Viriato Fernandes,Civil Servant,Post Graduate,,Civil Servant,,,,,,,,
298,Bharatiya Janata Party,Odisha,Bhubaneswar,General,1,Female,Aparajita Sarangi,Civil Servant,Graduate,,Civil Servant,,,,,,,,
455,Bharatiya Janata Party,Jharkhand,Palamau,Scheduled Caste,1,Male,Vishnu Dayal Ram,Civil Servant,Graduate,,Civil Servant,,,,,,,,
467,Indian National Congress,Tamil Nadu,Tiruvallur,Scheduled Caste,1,Male,Sasikanth Senthil,Civil Servant,Graduate,,Civil Servant,,,,,,,,
480,Telugu Desam Party,Andhra Pradesh,Bapatla,Scheduled Caste,1,Male,Krishna Prasad Tenneti,Civil Servant,Post Graduate,,Civil Servant,,,,,,,,
508,Indian National Congress,Karnataka,Raichur,Scheduled Tribe,1,Male,G Kumar Naik,Civil Servant,Graduate,,Civil Servant,,,,,,,,
518,Bharatiya Janata Party,Rajasthan,Udaipur,Scheduled Tribe,1,Male,Manna Lal Rawat,Civil Servant,Graduate,,Civil Servant,,,,,,,,
6,Indian National Congress,Manipur,Inner Manipur,General,1,Male,Angomcha Bimol Akoijam,Teaching,Doctorate,,Education,,,,,,,,
24,Bharatiya Janata Party,Gujarat,Bhavnagar,General,1,Female,Nimuben Jayantibhai Bambhaniya,Teaching,Graduate,,Education,,,,,,,,
31,Bharatiya Janata Party,Gujarat,Sabarkantha,General,1,Female,Shobhanaben Mahendrasinh Baraiya,Teaching,Graduate,,Education,,,,,,,,
69,Asom Gana Parishad,Assam,Barpeta,General,1,Male,Phani Bhusan Choudhury,Teaching,Graduate,,Education,,,,,,,,
82,Telugu Desam Party,Andhra Pradesh,Narsaraopet,General,1,Male,Lavu Sri Krishna Devarayalu,Educationist,Graduate,,Education,,,,,,,,
95,Indian National Congress,Maharashtra,Mumbai North Central,General,1,Female,Prof. Gaikwad Varsha Eknath,Teaching,Post Graduate,,Education,,,,,,,,
101,Bharatiya Janata Party,Uttar Pradesh,Bareilly,General,1,Male,Chhatrapal Singh Gangwar,Retired Teacher,Post Graduate,the Hindu,Education,,,,,,,,
151,Indian National Congress,Karnataka,Bidar,General,1,Male,Sagar Eshwar Khandre,Educationist,Graduate,,Education,,,,,,,,
178,Bharatiya Janata Party,West Bengal,Balurghat,General,1,Male,Sukanta Majumdar,Teaching,Doctorate,,Education,,,,,,,,
228,Bharatiya Janata Party,Gujarat,Mahesana,General,1,Male,Haribhai Patel,Teaching,Graduate,,Education,,,,,,,,
261,Samajwadi Party,Uttar Pradesh,Ghosi,General,1,Male,Rajeev Rai,Educationist,Doctorate,,Education,,,,,,,,
276,All India Trinamool Congress,West Bengal,Dum Dum,General,1,Male,Prof. Sougata Ray,Educationist,Post Graduate,,Education,,,,,,,,
295,Indian Union Muslim League,Kerala,Ponnani,General,1,Male,M P Abdussamad Samadani,Educationist,Graduate,,Education,,,,,,,,
296,Rashtriya Lok Dal,Uttar Pradesh,Baghpat,General,,Male,Rajkumar Sangwan,Teacher (retired),Doctorate,MyNeta,Education,,,,,,,,
328,Bharatiya Janata Party,Jharkhand,Chatra,General,1,Male,Kali Charan Singh,Teaching,Graduate,,Education,,,,,,,,
335,Bharatiya Janata Party,Uttar Pradesh,Lucknow,General,1,Male,Rajnath Singh,Teaching,Post Graduate,,Education,,,,,,,,
369,Dravida Munnetra Kazhagam,Tamil Nadu,Chennai South,General,1,Female,T Sumathy Alias Thamizhachi Thangapandian,Teaching,Doctorate,,Education,,,,,,,,
409,All India Trinamool Congress,West Bengal,Coochbehar,Scheduled Caste,1,Male,Jagadish Chandra Barma Basunia,Teacher (retired),,,Education,,,,,,,,
463,Bharatiya Janata Party,West Bengal,Ranaghat,Scheduled Caste,1,Male,Jagannath Sarkar,Teaching,Graduate,,Education,,,,,,,,
526,Voice of the People Party,Meghalaya,Shillong,Scheduled Tribe,1,Male,Ricky Andrew J Syngkon,Teaching,Doctorate,,Education,,,,,,,,
528,Bharatiya Janata Party,West Bengal,Alipurduars,Scheduled Tribe,1,Male,Manoj Tigga,Teaching,Graduate,,Education,,,,,,,,
29,All India Trinamool Congress,West Bengal,Hooghly,General,1,Female,Rachna Banerjee,Acting,12th,,Film,,,,,,,,
79,Bharatiya Janata Party,Uttar Pradesh,Mathura,General,1,Female,Hemamalini Dharmendra Deol,Acting,10th,,Film,,,,,,,,
81,All India Trinamool Congress,West Bengal,Ghatal,General,1,Male,Adhikari Deepak Dev,Film Artist,Diploma,,Film,,,,,,,,
106,All India Trinamool Congress,West Bengal,Jadavpur,General,1,Female,Sayani Ghosh,Acting,12th,,Film,,,,,,,,
109,Bharatiya Janata Party,Kerala,Thrissur,General,1,Male,Suresh Gopi,Acting,Post Graduate,,Film,,,,,,,,
152,Bharatiya Janata Party,Uttar Pradesh,Gorakhpur,General,1,Male,Ravindra Shukla Alias Ravi Kishan,Acting,Graduate,,Film,,,,,,,,
154,Nationalist Congress Party - Sharadchandra Pawar,Maharashtra,Shirur,General,1,Male,Amol Ramsing Kolhe,Acting,Graduate,,Film,,,,,,,,
180,All India Trinamool Congress,West Bengal,Medinipur,General,1,Female,June Maliah,Acting,10th,,Film,,,,,,,,
270,Bharatiya Janata Party,Himachal Pradesh,Mandi,General,1,Female,Kangna Ranaut,Acting,,,Film,,,,,,,,
287,All India Trinamool Congress,West Bengal,Birbhum,General,1,Female,Satabdi Roy,Acting,Graduate,,Film,,,,,,,,
342,All India Trinamool Congress,West Bengal,Asansol,General,1,Male,Shatrughan Prasad Sinha,Acting,Graduate,,Film,,,,,,,,
542,Bharatiya Janata Party,Delhi,North East Delhi,General,1,Male,Manoj Tiwari,Acting,Post Graduate,,Film,,,,,,,,
16,Bharatiya Janata Party,Uttar Pradesh,Kanpur,General,1,Male,Ramesh Awasthi,Journalism,Post Graduate,,Journalism,,,,,,,,
177,Bharatiya Janata Party,Odisha,Cuttack,General,1,Male,Bhartruhari Mahtab,Journalism,Post Graduate,,Journalism,,,,,,,,
1,Dravida Munnetra Kazhagam,Tamil Nadu,Dharmapuri,General,1,Male,Mani A,Advocate,Graduate,,Law,,,,,,,,
17,Indian National Congress,Tamil Nadu,Virudhunagar,General,1,Male,Manickam Tagore B,Advocate,Graduate,,Law,,,,,,,,
27,All India Trinamool Congress,West Bengal,Srerampur,General,1,Male,Kalyan Banerjee,Advocate,Graduate,,Law,,,,,,,,
41,Bharatiya Janata Party,Uttarakhand,Nainital-Udhamsingh Nagar,General,1,Male,Ajay Bhatt,Advocate,Graduate,,Law,,,,,,,,
52,Indian National Congress,Tamil Nadu,Tirunelveli,General,1,Male,Robert Bruce C,Advocate,Post Graduate,,Law,,,,,,,,
54,All India Trinamool Congress,West Bengal,Bankura,General,1,Male,Arup Chakraborty,Advocate,Graduate,,Law,,,,,,,,
55,Bharatiya Janata Party,Karnataka,Bagalkot,General,1,Male,Gaddigoudar Parvatagouda Chandanagouda,Advocate,Graduate,,Law,,,,,,,,
56,Bharatiya Janata Party,Rajasthan,Pali,General,1,Male,P P Chaudhary,Advocate,Graduate,,Law,,,,,,,,
105,Kerala Congress,Kerala,Kottayam,General,1,Male,Adv Francis George,Advocate,Graduate,,Law,,,,,,,,
127,Indian National Congress,Nagaland,Nagaland,General,1,Male,S Supongmeren Jamir,Advocate,Graduate,,Law,,,,,,,,
160,Indian National Congress,Kerala,Idukki,General,1,Male,Adv Dean Kuriakose,Advocate,Graduate,,Law,,,,,,,,
198,Bharatiya Janata Party,Madhya Pradesh,Rewa,General,1,Male,Janardan Mishra,Advocate,Graduate,,Law,,,,,,,,
214,All India Majlis-E-Ittehadul Muslimeen,Telangana,Hyderabad,General,1,Male,Asaduddin Owaisi,Advocate,Graduate,,Law,,,,,,,,
216,Bharatiya Janata Party,Uttar Pradesh,Domariyaganj,General,1,Male,Jagdambika Pal,Advocate,Post Graduate,,Law,,,,,,,,
221,Bharatiya Janata Party,Odisha,Berhampur,General,1,Male,Pradeep Kumar Panigrahy,Advocate,Post Graduate,,Law,,,,,,,,
230,Samajwadi Party,Uttar Pradesh,Fatehpur,General,1,Male,Naresh Chandra Uttam Patel,Advocate,Post Graduate,,Law,,,,,,,,
248,Bharatiya Janata Party,Bihar,Patna Sahib,General,1,Male,Ravi Shankar Prasad,Advocate,Graduate,,Law,,,,,,,,
254,Indian National Congress,Tamil Nadu,Mayiladuthurai,General,1,Female,Km. Sudha R,Advocate,Graduate,,Law,,,,,,,,
273,Bharatiya Janata Party,Telangana,Medak,General,1,Male,Madhavaneni Raghunandan Rao,Advocate,Graduate,,Law,,,,,,,,
317,Bharatiya Janata Party,Karnataka,Belgaum,General,1,Male,Jagadish Shettar,Advocate,Graduate,,Law,,,,,,,,
339,Indian National Congress,Uttar Pradesh,Allahabad,General,1,Male,Ujjwal Raman Singh,Advocate,Graduate,,Law,,,,,,,,
357,Bharatiya Janata Party,Karnataka,Bangalore South,General,1,Male,Tejasvi Surya,Advocate,Graduate,,Law,,,,,,,,
359,Bharatiya Janata Party,Delhi,New Delhi,General,1,Female,Km. Bansuri Swaraj,Advocate,Post Graduate,,Law,,,,,,,,
362,Indian National Congress,Chandigarh,Chandigarh,General,1,Male,Manish Tewari,Advocate,Graduate,,Law,,,,,,,,
396,Bharatiya Janata Party,Rajasthan,Alwar,General,1,Male,Bhupender Yadav,Advocate,Graduate,,Law,,,,,,,,
403,Dravida Munnetra Kazhagam,Tamil Nadu,Nilgiris,Scheduled Caste,1,Male,Raja A,Advocate,Graduate,,Law,,,,,,,,
437,Viduthalai Chiruthaigal Katchi,Tamil Nadu,Viluppuram,Scheduled Caste,1,Male,D Ravi Kumar,Advocate,Post Graduate,,Law,,,,,,,,
441,Bharatiya Janata Party,Gujarat,Kachchh,Scheduled Caste,1,Male,Chavda Vinod Lakhamshi,Advocate,Graduate,,Law,,,,,,,,
442,Bharatiya Janata Party,Gujarat,Ahmedabad West,Scheduled Caste,Male,Dineshbhai Makwana,Advocate,Graduate,MyNeta,,Law,,,,,,,,
459,Bharatiya Janata Party,Madhya Pradesh,Bhind,Scheduled Caste,1,Female,Sandhya Ray,Advocate,Post Graduate,,Law,,,,,,,,
464,Samajwadi Party,Uttar Pradesh,Machhlishahr,Scheduled Caste,1,Female,Adv Priya Saroj,Advocate,Graduate,,Law,,,,,,,,
470,Azad Samaj Party (Kanshi Ram),Uttar Pradesh,Nagina,Scheduled Caste,1,Male,Adv. Chandra Shekhar,Advocate,Graduate,,Law,,,,,,,,
471,Indian National Congress,Maharashtra,Solapur,Scheduled Caste,1,Female,Praniti Sushilkumar Shinde,Advocate,Graduate,,Law,,,,,,,,
474,Bharatiya Janata Party,Madhya Pradesh,Dewas,Scheduled Caste,1,Male,Mahendra Singh Solanky,Advocate,Graduate,,Law,,,,,,,,
479,Bharatiya Janata Party,Odisha,Jagatsinghpur,Scheduled Caste,1,Male,Bibhu Prasad Tarai,Advocate,Post Graduate,,Law,,,,,,,,
498,Indian National Congress,Maharashtra,Gadchiroli-Chimur,Scheduled Tribe,,Male,Namdeo Kirsan,Advocate(retired),Doctorate,MyNeta,Law,,,,,,,,
511,Indian National Congress,Maharashtra,Nandurbar,Scheduled Tribe,1,Male,Adv Gowaal Kagada Padavi,Advocate,Post Graduate,,Law,,,,,,,,
523,Indian National Congress,Lakshadweep,Lakshadweep,Scheduled Tribe,1,Male,Hamdullah Sayeed,Advocate,Graduate,,Law,,,,,,,,
39,Bharatiya Janata Party,Himachal Pradesh,Kangra,General,1,Male,Rajeev Bharadwaj,Medical,Graduate,,Medical,,,,,,,,
61,Bharatiya Janata Party,Bihar,Muzaffarpur,General,1,Male,Raj Bhushan Choudhary,Medical,Post Graduate,,Medical,,,,,,,,
75,All India Trinamool Congress,West Bengal,Barasat,General,1,Female,Kakoli Ghosh Dastidar,Medical,Graduate,,Medical,,,,,,,,
89,Indian National Congress,Maharashtra,Dhule,General,1,Female,Bachhav Shobha Dinesh,Medical,Graduate,,Medical,,,,,,,,
98,Indian National Congress,Punjab,Patiala,General,1,Male,Dharamvira Gandhi,Medical,Post Graduate,,Medical,,,,,,,,
100,Bharatiya Janata Party,West Bengal,Tamluk,General,1,Male,Abhijit Gangopadhyay,Judge,Graduate,,Medical,,,,,,,,
125,Bharatiya Janata Party,Bihar,Paschim Champaran,General,1,Male,Sanjay Jaiswal,Medical,Graduate,,Medical,,,,,,,,
129,Indian National Congress,Bihar,Kishanganj,General,1,Male,Mohammad Jawed,Medical,Graduate,,Medical,,,,,,,,
186,Bharatiya Janata Party,Karnataka,Bangalore Rural,General,1,Male,C N Manjunath,Medical,Post Graduate,,Medical,,,,,,,,
197,Bharatiya Janata Party,Madhya Pradesh,Sidhi,General,1,Male,Rajesh Mishra,Medical,Post Graduate,,Medical,,,,,,,,
241,Telugu Desam Party,Andhra Pradesh,Guntur,General,1,Male,Chandra Sekhar Pemmasani,Medical,Post Graduate,,Medical,,,,,,,,
304,Telugu Desam Party,Andhra Pradesh,Nandyal,General,1,Female,Byreddy Shabari,Medical,Post Graduate,,Medical,,,,,,,,
309,Bharatiya Janata Party,Uttar Pradesh,Gautam Buddha Nagar,General,1,Male,Mahesh Sharma,Medical,Graduate,,Medical,,,,,,,,
319,Shiv Sena,Maharashtra,Kalyan,General,1,Male,Shrikant Eknath Shinde,Medical,Graduate,,Medical,,,,,,,,
321,Bharatiya Janata Party,Jammu and Kashmir,Udhampur,General,1,Male,Jitendra Singh,Medical,Graduate,,Medical,,,,,,,,
352,Bharatiya Janata Party,Karnataka,Chikkballapur,General,1,Male,K Sudhakar,Medical,Graduate,,Medical,,,,,,,,
378,Dravida Munnetra Kazhagam,Tamil Nadu,Chennai North,General,1,Male,Kalanidhi Veeraswamy,Medical,Graduate,,Medical,,,,,,,,
413,Aam Aadmi Party,Punjab,Hoshiarpur,Scheduled Caste,1,Male,Raj Kumar Chabbewal,Medical,Post Graduate,,Medical,,,,,,,,
423,Yuvajana Sramika Rythu Congress Party,Andhra Pradesh,Thirupati,Scheduled Caste,1,Male,Maddila Gurumoorthy,Medical,Graduate,,Medical,,,,,,,,
430,Indian National Congress,Maharashtra,Latur,Scheduled Caste,1,Male,Shivaji Bandappa Kalge,Medical,Graduate,,Medical,,,,,,,,
433,Indian National Congress,Telangana,Warangal,Scheduled Caste,1,Female,Kadiyam Kavya,Medical,Post Graduate,,Medical,,,,,,,,
457,Indian National Congress,Telangana,Nagarkurnool,Scheduled Caste,1,Male,Mallu Ravi,Medical,Post Graduate,,Medical,,,,,,,,
460,Bharatiya Janata Party,West Bengal,Jalpaiguri,Scheduled Caste,1,Male,Jayanta Kumar Roy,Medical,Graduate,,Medical,,,,,,,,
462,All India Trinamool Congress,West Bengal,Bardhaman Purba,Scheduled Caste,1,Female,Sharmila Sarkar,Medical,Post Graduate,,Medical,,,,,,,,
475,Dravida Munnetra Kazhagam,Tamil Nadu,Tenkasi,Scheduled Caste,1,Female,Rani Srikumar,Medical,Post Graduate,,Medical,,,,,,,,
476,Janata Dal (United),Bihar,Gopalganj,Scheduled Caste,1,Male,Alok Kumar Suman,Medical,Graduate,,Medical,,,,,,,,
515,Yuvajana Sramika Rythu Congress Party,Andhra Pradesh,Araku,Scheduled Tribe,1,Female,Gumma Thanuja Rani,Medical,Graduate,,Medical,,,,,,,,
522,Bharatiya Janata Party,Maharashtra,Palghar,Scheduled Tribe,1,Male,Hemant Vishnu Savara,Medical,Graduate,,Medical,,,,,,,,
539,Indian National Congress,Maharashtra,Bhandara-Gondiya,General,1,Male,Prashant Yadaorao Padole,Medical,Post Graduate,,Medical,,,,,,,,
4,Jammu and Kashmir National Conference,Jammu and Kashmir,Anantnag-Rajouri,General,1,Male,Mian Altaf Ahmad,Not listed,Graduate,,None,,,,,,,,
193,Jammu and Kashmir National Conference,Jammu and Kashmir,Srinagar,General,,Male,Aga Syed Ruhullah Mehdi,None,Graduate,MyNeta,None,,,,,,,,
491,Nationalist Congress Party - Sharadchandra Pawar,Maharashtra,Dindori,Scheduled Tribe,,Male,Bhaskar Murlidhar Bhagare,None,Post Graduate,The Hindu,None,,,,,,,,
516,Bharatiya Janata Party,Chhattisgarh,Raigarh,Scheduled Tribe,,Male,Radheshyam Rathiya,None,12th,Times of India,None,,,,,,,,
32,Shiv Sena,Maharashtra,Maval,General,1,Male,Shrirang Appa Chandu Barne,Builder,10th,,Other,,,,,,,,
80,Shiv Sena (Uddhav Balasaheb Thackrey),Maharashtra,Mumbai South Central,General,2,Male,Anil Yeshwant Desai,Other,Graduate,,Other,,,,,,,,
110,Indian National Congress,Tamil Nadu,Krishnagiri,General,1,Male,K Gopinath,Transport,Graduate,,Other,,,,,,,,
111,Bharatiya Janata Party,Uttar Pradesh,Meerut,General,1,Male,Arun Govil,Self Employed,Graduate,,Other,,,,,,,,
131,Bharatiya Janata Party,Haryana,Kurukshetra,General,1,Male,Naveen Jindal,Industrialist,Graduate,,Other,,,,,,,,
133,Bharatiya Janata Party,Rajasthan,Chittorgarh,General,,Male,Chandra Prakash Joshi,Builder,Graduate,,Other,,,,,,,,
234,Samajwadi Party,Uttar Pradesh,Banda,General,,Female,Krishna Devi Shivshankar Patel,Housewife,12th,MyNeta,Other,,,,,,,,
292,Bharatiya Janata Party,Madhya Pradesh,Chhindwara,General,1,Male,Bunty Vivek Sahu,Automobile Dealer,,,Other,,,,,,,,
322,Independent,Punjab,Khadoor Sahib,General,1,Male,Amritpal Singh,Transport,,,Other,,,,,,,,
365,Janata Dal (United),Bihar,Sitamarhi,General,1,Male,Devesh Chandra Thakur,Self Employed,Graduate,,Other,,,,,,,,
370,Indian National Congress,Kerala,Thiruvananthapuram,General,1,Male,Shashi Tharoor,Author,Graduate,,Other,,,,,,,,
380,Communist Party of India (Marxist),Tamil Nadu,Madurai,General,1,Male,S Venkatesan,Writer,12th,,Other,,,,,,,,
386,Bharatiya Janata Party,Karnataka,Mysore,General,,Male,Yaduveer Wadiyar,"Company director(also, Wadiyar Royal Family)",Graduate,MyNeta,Other,,,,,,,,
410,Bharatiya Janata Party,Odisha,Jajpur,Scheduled Caste,1,Male,Rabindra Narayan Behera,Other,Doctorate,,Other,,,,,,,,
426,Bharatiya Janata Party,Chhattisgarh,Janjgir-Champa,Scheduled Caste,1,Female,Kamlesh Jangde,Other,Post Graduate,,Other,,,,,,,,
434,Independent,Punjab,Faridkot,Scheduled Caste,Male,Sarabjeet Singh Khalsa,Shop,,MyNeta,,Other,,,,,,,,
448,All India Trinamool Congress,West Bengal,Joynagar,Scheduled Caste,1,Female,Pratima Mondal,Other,Post Graduate,,Other,,,,,,,,
469,Lok Jan Shakti Party (Ram Vilas),Bihar,Samastipur,Scheduled Caste,Female,Shambhavi,Self Employed,,MyNeta,,Other,,,,,,,,
478,Bharatiya Janata Party,Uttarakhand,Almora,Scheduled Caste,1,Male,Ajay Tamta,Transport,12th,,Other,,,,,,,,
533,Zoram Peoples Movement,Mizoram,Mizoram,Scheduled Tribe,1,Male,Richard Vanlalhmangaiha,Self Employed,Graduate,,Other,,,,,,,,
2,Bharatiya Janata Party,Chhattisgarh,Raipur,General,1,Male,Brijmohan Agrawal,Political and Social Worker,Post Graduate,,Politics,Social Worker,,,,,,,
13,Bharatiya Janata Party,Telangana,Mahbubnagar,General,1,Female,D K Aruna,Politician,,,Politics,,,,,,,,
19,Shiromani Akali Dal,Punjab,Bathinda,General,1,Female,Harsimrat Kaur Badal,Political and Social Worker,Graduate,,Politics,Social Worker,,,,,,,
35,Indian National Congress,Kerala,Chalakudy,General,1,Male,Benny Behanan,Political and Social Worker,Graduate,,Politics,Social Worker,,,,,,,
40,Rashtriya Janata Dal,Bihar,Patliputra,General,1,Female,Misha Bharti,Politician,,,Politics,,,,,,,,
44,Bharatiya Janata Party,Andhra Pradesh,Narsapuram,General,1,Male,Srinivasa Varma B J P Varma Bhupathiraju,Political and Social Worker,Post Graduate,,Politics,Social Worker,,,,,,,
87,Bharatiya Janata Party,Telangana,Nizamabad,General,1,Male,Arvind Dharmapuri,Politician,Post Graduate,,Politics,,,,,,,,
97,Bharatiya Janata Party,Maharashtra,Nagpur,General,1,Male,Nitin Jairam Gadkari,Political and Social Worker,Graduate,,Politics,Social Worker,,,,,,,
116,Aam Aadmi Party,Punjab,Sangrur,General,1,Male,Gurmeet Singh Meet Hayer,Political Activist,Graduate,,Politics,Social Worker,,,,,,,
118,Indian National Congress,Haryana,Rohtak,General,1,Male,Deepender Singh Hooda,Political and Social Worker,Post Graduate,,Politics,Social Worker,,,,,,,
146,Dravida Munnetra Kazhagam,Tamil Nadu,Thoothukkudi,General,1,Female,Kanimozhi Karunanidhi,Politician,Post Graduate,,Politics,,,,,,,,
175,Bharatiya Janata Party,Jharkhand,Dhanbad,General,1,Male,Dulu Mahato,Politician,12th,,Politics,,,,,,,,
184,Bharatiya Janata Party,Gujarat,Porbandar,General,1,Male,Mansukh Mandaviya,Politician,Doctorate,,Politics,,,,,,,,
189,Telugu Desam Party,Andhra Pradesh,Visakhapatnam,General,1,Male,Sribharat Mathukumilli,Politician - Parliamentarian,Post Graduate,,Politics,,,,,,,,
192,Indian National Congress,Rajasthan,Tonk-Sawai Madhopur,General,1,Male,Harish Chandra Meena,Political and Social Worker,Graduate,,Politics,Social Worker,,,,,,,
204,Bharatiya Janata Party,West Bengal,Maldaha Uttar,General,,Male,Khagen Murmu,Politician,Graduate,,Politics,,,,,,,,
213,Indian National Congress,Rajasthan,Jhunjhunu,General,1,Male,Brijendra Singh Ola,Political and Social Worker,Post Graduate,,Politics,Social Worker,,,,,,,
239,Bharatiya Janata Party,Odisha,Puri,General,1,Male,Sambit Patra,Politician - Parliamentarian,Post Graduate,,Politics,,,,,,,,
249,Communist Party of India (Marxist-Lennist Liberation),Bihar,Arrah,General,1,Male,Sudama Prasad,Politician,Graduate,,Politics,,,,,,,,
251,Revolutionary Socialist Party,Kerala,Kollam,General,1,Male,N K Premachandran,Political and Social Worker,Graduate,,Politics,Social Worker,,,,,,,
255,Communist Party of India (Marxist),Tamil Nadu,Dindigul,General,1,Male,Sachithanantham R,Politician,Graduate,,Politics,,,,,,,,
256,Indian National Congress,Kerala,Kozhikode,General,1,Male,M K Raghavan,Political and Social Worker,Graduate,,Politics,Social Worker,,,,,,,
257,Bharatiya Janata Party,Karnataka,Shimoga,General,1,Male,B Y Raghavendra,Political and Social Worker,Graduate,,Politics,Social Worker,,,,,,,
258,Indian National Congress,Telangana,Nalgonda,General,1,Male,Kunduru Raghuveer,Politician,,,Politics,,,,,,,,
269,Bharatiya Janata Party,Andhra Pradesh,Anakapalle,General,1,Male,C M Ramesh,Political and Social Worker,Doctorate,,Politics,Social Worker,,,,,,,
284,Samajwadi Party,Uttar Pradesh,Sambhal,General,1,Male,Zia Ur Rehman,Political and Social Worker,Graduate,,Politics,Social Worker,,,,,,,
303,Bharatiya Janata Party,Jharkhand,Ranchi,General,1,Male,Sanjay Seth,Political and Social Worker,Graduate,,Politics,Social Worker,,,,,,,
314,Independent,Jammu and Kashmir,Baramulla,General,,Male,Abdul Rashid Sheikh,"Politician(kashmir, jailed)",,MyNeta,Politics,,,,,,,,
336,Bharatiya Janata Party,Haryana,Gurgaon,General,1,Male,Rao Inderjit Singh,Political and Social Worker,Graduate,,Politics,Social Worker,,,,,,,
345,Bharatiya Janata Party,Assam,Dibrugarh,General,,Male,Sarbananda Sonowal,Politician,,MyNeta,Politics,,,,,,,,
350,Sikkim Krantikari Morcha,Sikkim,Sikkim,General,1,Male,Indra Hang Subba,Politician - Parliamentarian,Physics,,Politics,,,,,,,,
351,Bharatiya Janata Party,Odisha,Aska,General,1,Female,Anita Subhadarshini,Politician,Post Graduate,,Politics,,,,,,,,
353,Indian National Congress,Kerala,Kannur,General,1,Male,K Sudhakaran,Political and Social Worker,Post Graduate,,Politics,Social Worker,,,,,,,
355,Nationalist Congress Party - Sharadchandra Pawar,Maharashtra,Baramati,General,1,Female,Supriya Sule,Political and Social Worker,Graduate,,Politics,Social Worker,,,,,,,
383,Lok Jan Shakti Party (Ram Vilas),Bihar,Khagaria,General,1,Male,Rajesh Verma,Political and Social Worker,Graduate,,Politics,Social Worker,,,,,,,
392,Samajwadi Party,Uttar Pradesh,Badaun,General,1,Male,Aditya Yadav,Political and Social Worker,Post Graduate,,Politics,Social Worker,,,,,,,
428,Indian National Congress,Rajasthan,Bharatpur,Scheduled Caste,1,Female,Sanjna Jatav,Political and Social Worker,Graduate,,Politics,Social Worker,,,,,,,
435,Bharatiya Janata Party,West Bengal,Bishnupur,Scheduled Caste,1,Male,Saumitra Khan,Political and Social Worker,Graduate,,Politics,Social Worker,,,,,,,
449,Lok Jan Shakti Party (Ram Vilas),Bihar,Hajipur,Scheduled Caste,Male,Chirag Paswan,Politician - Parliamentarian,Graduate,MyNeta,,Politics,,,,,,,,
458,Bharatiya Janata Party,Uttar Pradesh,Misrikh,Scheduled Caste,1,Male,Ashok Kumar Rawat,Political and Social Worker,Post Graduate,,Politics,Social Worker,,,,,,,
466,Samajwadi Party,Uttar Pradesh,Kaushambi,Scheduled Caste,1,Male,Pushpendra Saroj,Politician,,,Politics,,,,,,,,
472,Indian National Congress,Punjab,Fatehgarh Sahib,Scheduled Caste,1,Male,Amar Singh,Political and Social Worker,Post Graduate,,Politics,Social Worker,,,,,,,
477,Indian National Congress,Kerala,Mavelikkara,Scheduled Caste,1,Male,Kodikunnil Suresh,Political and Social Worker,Graduate,,Politics,Social Worker,,,,,,,
529,Bharatiya Janata Party,Assam,Diphu,Scheduled Tribe,,Male,Amarsing Tisso,"Executive Member, Karbi Anglong Autonomous Council (KAAC)",MyNeta,,Politics,,,,,,,,
530,Indian National Congress,Karnataka,Bellary,Scheduled Tribe,1,Male,E Tukaram,Politician,Post Graduate,,Politics,,,,,,,,
538,Bharatiya Janata Party,Dadra and Nagar Haveli and Daman and Diu,Dadra and Nagar Haveli,Scheduled Tribe,1,Female,Delkar Kalaben Mohanbhai,Political Activist,,,Politics,Social Worker,,,,,,,
99,Indian National Congress,Uttar Pradesh,Rae Bareli,General,1,Male,Rahul Gandhi,Strategy Consultant,Post Graduate,,Profession,,,,,,,,
112,Bharatiya Janata Party,Maharashtra,Mumbai North,General,1,Male,Piyush Vedprakash Goyal,Chartered Accountant,Graduate,,Profession,,,,,,,,
203,All India Trinamool Congress,West Bengal,Krishnanagar,General,1,Female,Mahua Moitra,Economist,Graduate,,Profession,,,,,,,,
209,Bharatiya Janata Party,Gujarat,Junagadh,General,,Male,Chudasama Rajeshbhai Naranbhai,Proprietor In a firm named N.R.Chudasama,12th,Myneta,Profession,,,,,,,,
279,Bharatiya Janata Party,Telangana,Chevella,General,1,Male,Konda Vishweshwar Reddy,Engineer,Graduate,,Profession,,,,,,,,
281,Yuvajana Sramika Rythu Congress Party,Andhra Pradesh,Rajampet,General,1,Male,P V Midhun Reddy,Engineer,Graduate,,Profession,,,,,,,,
376,Indian National Congress,Tamil Nadu,Kanniyakumari,General,,Male,Vijayakumar Alias Vijay Vasanth,Vasanth and co. employee,,MyNeta,Profession,,,,,,,,
398,Janata Dal (United),Bihar,Madhepura,General,1,Male,Dinesh Chandra Yadav,Engineer,Diploma,,Profession,,,,,,,,
407,Telugu Desam Party,Andhra Pradesh,Amalapuram,Scheduled Caste,1,Male,G M Harish Balayogi,Technologist,Graduate,,Profession,,,,,,,,
468,Bharatiya Janata Party,Odisha,Bhadrak,Scheduled Caste,1,Male,Avimanyu Sethi,"Partner Shree Jagannath Gas Agency, Bhadrak",Post Graduate,MyNeta,Profession,,,,,,,,
497,All India Trinamool Congress,West Bengal,Jhargram,Scheduled Tribe,,Male,Kalipada Saren Kherwal,Bank Employee(retired),,MyNeta,Profession,,,,,,,,
504,Indian National Congress,Rajasthan,Dausa,Scheduled Tribe,1,Male,Murari Lal Meena,Engineer,Diploma,,Profession,,,,,,,,
50,Indian National Congress,Assam,Nagaon,General,1,Male,Pradyut Bordoloi,Public Service,Post Graduate,,Public Service,,,,,,,,
454,Communist Party of India (Marxist),Kerala,Alathur,Scheduled Caste,1,Male,K Radhakrishnan,Public Service,Graduate,,Public Service,,,,,,,,
5,All India Trinamool Congress,West Bengal,Uluberia,General,1,Female,Sajda Ahmed,Social Worker,Graduate,,Social worker,,,,,,,,
12,Indian National Congress,Bihar,Katihar,General,1,Male,Tariq Anwar,Social Worker,Graduate,,Social worker,,,,,,,,
18,Dravida Munnetra Kazhagam,Tamil Nadu,Sriperumbudur,General,1,Male,T R Baalu,Social Worker,Graduate,,Social worker,,,,,,,,
22,Bharatiya Janata Party,Uttarakhand,Garhwal,General,1,Male,Anil Baluni,Social Worker,Graduate,,Social worker,,,,,,,,
25,All India Trinamool Congress,West Bengal,Kolkata Uttar,General,1,Male,Sudip Bandyopadhyay,Social Worker,Graduate,,Social worker,,,,,,,,
26,All India Trinamool Congress,West Bengal,Diamond Harbour,General,1,Male,Abhishek Banerjee,Social Worker,Graduate,,Social worker,,,,,,,,
28,All India Trinamool Congress,West Bengal,Howrah,General,1,Male,Prasun Banerjee,Social Worker,Graduate,,Social worker,,,,,,,,
33,Bharatiya Janata Party,Assam,Lakhimpur,General,1,Male,Pradan Baruah,Social Worker,Diploma,,Social worker,,,,,,,,
34,Indian Union Muslim League,Kerala,Malappuram,General,1,Male,E T Mohammed Basheer,Social Worker,10th,,Social worker,,,,,,,,
42,Bharatiya Janata Party,Maharashtra,Satara,General,1,Male,Chh. Udayanraje Pratapsinha Maharaj Bhonsle,Social Worker,Graduate,,Social worker,,,,,,,,
46,Bharatiya Janata Party,Uttar Pradesh,Bhadohi,General,1,Male,Vinod Kumar Bind,Social Reformer cum Politician,Post Graduate,,Social worker,,,,,,,,
51,Indian National Congress,Haryana,Sonipat,General,1,Male,Satpal Brahamchari,Social Service,,,Social worker,,,,,,,,
64,AJSU Party,Jharkhand,Giridih,General,1,Male,Chandra Prakash Choudhary,Social Worker,Graduate,,Social worker,,,,,,,,
77,Bharatiya Janata Party,Tripura,Tripura West,General,1,Male,Biplab Kumar Deb,Social Worker,,,Social worker,,,,,,,,
78,Bharatiya Janata Party,Odisha,Bolangir,General,1,Female,Sangeeta Kumari Singh Deo,Social Worker,Graduate,,Social worker,,,,,,,,
83,Bharatiya Janata Party,Jharkhand,Kodarma,General,1,Female,Annpurna Devi,Social Worker,Post Graduate,,Social worker,,,,,,,,
84,Bharatiya Janata Party,Odisha,Kalahandi,General,1,Female,Malvika Devi,Social worker,Diploma,,Social worker,,,,,,,,
94,Indian National Congress,Kerala,Ernakulam,General,1,Male,Hibi Eden,Social Worker,Graduate,CV,Social worker,,,,,,,,
102,Bharatiya Janata Party,Arunachal Pradesh,Arunachal East,General,1,Male,Tapir Gao,Social Worker,Post Graduate,,Social worker,,,,,,,,
108,Indian National Congress,Assam,Jorhat,General,1,Male,Gaurav Gogoi,Social Worker,Post Graduate,,Social worker,,,,,,,,
113,Bharatiya Janata Party,Madhya Pradesh,Mandsour,General,1,Male,Sudheer Gupta,Social Worker,Post Graduate,,Social worker,,,,,,,,
132,Bharatiya Janata Party,Gujarat,Vadodara,General,,Male,Hemang Joshi,Social Worker,Graduate,MyNeta,Social worker,,,,,,,,
138,Communist Party of India,Tamil Nadu,Tiruppur,General,1,Male,Subbarayan K,Social Worker,10th,,Social worker,,,,,,,,
145,Bharatiya Janata Party,Karnataka,Bangalore North,General,1,Female,Km. Shobha Karandlaje,Social Worker,Post Graduate,,Social worker,,,,,,,,
148,Bharatiya Janata Party,Maharashtra,Raver,General,1,Female,Raksha Nikhil Khadse,Social Worker,Graduate,,Social worker,,,,,,,,
153,Bharatiya Janata Party,Jammu and Kashmir,Jammu,General,1,Male,Jugal Kishore,Social Worker,Under Graduate,,Social worker,,,,,,,,
155,Bharatiya Janata Party,Telangana,Karimnagar,General,1,Male,Bandi Sanjay Kumar,Social Service & Politics,Post Graduate,,Social worker,,,,,,,,
162,Samajwadi Party,Uttar Pradesh,Jaunpur,General,1,Male,Babu Singh Kushwaha,Social Service,,,Social worker,,,,,,,,
182,Janata Dal (United),Bihar,Bhagalpur,General,1,Male,Ajay Kumar Mandal,Social Service,Under Matric,,Social worker,,,,,,,,
185,Bharatiya Janata Party,Uttar Pradesh,Deoria,General,1,Male,Shashank Mani,Social Service,Post Graduate,,Social worker,,,,,,,,
199,Bharatiya Janata Party,Uttar Pradesh,Varanasi,General,1,Male,Narendra Modi,Social Worker,Graduate,,Social worker,,,,,,,,
201,Samajwadi Party,Uttar Pradesh,Rampur,General,1,Male,Mohibbullah,Social Worker,Post Graduate,,Social worker,,,,,,,,
217,Bharatiya Janata Party,Odisha,Kendrapara,General,1,Male,Baijayant Panda,Social Worker,Post Graduate,,Social worker,,,,,,,,
222,Bharatiya Janata Party,Odisha,Dhenkanal,General,1,Male,Rudra Narayan Pany,Social Service,Graduate,,Social worker,,,,,,,,
223,Indian National Congress,Kerala,Vadakara,General,1,Male,Shafi Parambil,Social Worker,Post Graduate,,Social worker,,,,,,,,
224,Bharatiya Janata Party,Madhya Pradesh,Balaghat,General,1,Female,Bharti Pardhi,Social Service,Graduate,,Social worker,,,,,,,,
227,Samajwadi Party,Uttar Pradesh,Pratapgarh,General,1,Male,Shiv Pal Singh Patel,Social Service,Post Graduate,,Social worker,,,,,,,,
233,Apna Dal (Soneylal),Uttar Pradesh,Mirzapur,General,1,Female,Anupriya Patel,Social Worker,Graduate,,Social worker,,,,,,,,
243,Bharatiya Janata Party,Odisha,Sambalpur,General,1,Male,Dharmendra Pradhan,Social Service & Politics,Post Graduate,,Social worker,,,,,,,,
244,Indian National Congress,Kerala,Attingal,General,1,Male,Adv. Adoor Prakash,Social Worker,Graduate,,Social worker,,,,,,,,
252,Bharatiya Janata Party,Andhra Pradesh,Rajahmundry,General,1,Female,Daggubati Purandeswari,Social Worker,Graduate,,Social worker,,,,,,,,
275,Bharatiya Janata Party,Uttarakhand,Haridwar,General,1,Male,Trivendra Singh Rawat,Social Worker,Post Graduate,,Social worker,,,,,,,,
278,Bharatiya Janata Party,Telangana,Secunderabad,General,1,Male,G Kishan Reddy,Social Worker,Diploma,,Social worker,,,,,,,,
285,Bharatiya Janata Party,Arunachal Pradesh,Arunachal West,General,1,Male,Kiren Rijiju,Social Worker,Graduate,,Social worker,,,,,,,,
286,All India Trinamool Congress,West Bengal,Kolkata Dakshin,General,1,Female,Mala Roy,Social Service,Graduate,,Social worker,,,,,,,,
288,Bharatiya Janata Party,Bihar,Saran,General,1,Male,Rajiv Pratap Rudy,Social Worker,Graduate,,Social worker,,,,,,,,
293,Bharatiya Janata Party,Chhattisgarh,Bilaspur,General,1,Male,Tokhan Sahu,Social worker,Post Graduate,,Social worker,,,,,,,,
294,Bharatiya Janata Party,Uttar Pradesh,Unnao,General,1,Male,Swami Sachidanand Hari Sakshi,Social Worker,Doctorate,,Social worker,,,,,,,,
299,Shiv Sena (Uddhav Balasaheb Thackrey),Maharashtra,Mumbai South,General,1,Male,Arvind Ganpat Sawant,Social Worker,Graduate,,Social worker,,,,,,,,
300,Bharatiya Janata Party,Madhya Pradesh,Guna,General,1,Male,Jyotiraditya M Scindia,Social Worker,Graduate,,Social worker,,,,,,,,
305,Bharatiya Janata Party,Gujarat,Gandhinagar,General,1,Male,Amit Shah,Social Activist,Graduate,,Social worker,,,,,,,,
306,Bharatiya Janata Party,Uttarakhand,Tehri Garhwal,General,1,Female,Mala Rajya Laxmi Shah,Social Worker,12th,,Social worker,,,,,,,,
313,Bharatiya Janata Party,Rajasthan,Jaipur,General,1,Female,Manju Sharma,Social Reformer,Post Graduate,,Social worker,,,,,,,,
324,Bharatiya Janata Party,Haryana,Bhiwani-Mahendragarh,General,1,Male,Dharambir Singh,Social Worker,Graduate,,Social worker,,,,,,,,
333,Communist Party of India (Marxist-Lennist Liberation),Bihar,Karakat,General,1,Male,Raja Ram Singh,Social Activist,Graduate,,Social worker,,,,,,,,
334,Janata Dal (United),Bihar,Munger,General,1,Male,Rajiv Ranjan Singh,Social Worker,Graduate,,Social worker,,,,,,,,
338,Rashtriya Janata Dal,Bihar,Buxar,General,1,Male,Sudhakar Singh,Social worker,Graduate,,Social worker,,,,,,,,
341,Rashtriya Janata Dal,Bihar,Aurangabad,General,1,Male,Abhay Kumar Sinha,Social worker,,,Social worker,,,,,,,,
347,Bharatiya Janata Party,West Bengal,Kanthi,General,1,Male,Adhikari Soumendu,Social Activist,Post Graduate,,Social worker,,,,,,,,
348,Indian National Congress,Kerala,Palakkad,General,,Male,V K Sreekandan,Social Service,Graduate,,Social worker,,,,,,,,
366,Bharatiya Janata Party,Bihar,Darbhanga,General,1,Male,Gopal Jee Thakur,Social Worker,Post Graduate,,Social worker,,,,,,,,
372,Indian National Congress,Kerala,Kasaragod,General,1,Male,Rajmohan Unnithan,Social Worker,Graduate,,Social worker,,,,,,,,
381,Indian National Congress,Kerala,Alappuzha,General,1,Male,K C Venugopal,Social Worker,Post Graduate,,Social worker,,,,,,,,
385,Samajwadi Party,Uttar Pradesh,Moradabad,General,1,Female,Ruchi Vira,"Social Worker, working for the Girl Child Education",Post Graduate,,Social worker,,,,,,,,
400,Rashtriya Janata Dal,Bihar,Jahanabad,General,1,Male,Surendra Prasad Yadav,Social Worker,Doctorate,,Social worker,,,,,,,,
401,Samajwadi Party,Uttar Pradesh,Mainpuri,General,1,Female,Dimple Yadav,Social Worker,Graduate,,Social worker,,,,,,,,
420,Bharatiya Janata Party,Madhya Pradesh,Ujjain,Scheduled Caste,1,Male,Anil Firojiya,Social worker,Graduate,,Social worker,,,,,,,,
438,Bharatiya Janata Party,Madhya Pradesh,Tikamgarh,Scheduled Caste,1,Male,Virendra Kumar,Social Worker,Post Graduate,,Social worker,,,,,,,,
443,All India Trinamool Congress,West Bengal,Bolpur,Scheduled Caste,1,Male,Asit Kumar Mal,Social Worker,University Entrance Examination,,Social worker,,,,,,,,
445,Hindustani Awam Morcha (Secular),Bihar,Gaya,Scheduled Caste,1,Male,Jitan Ram Manjhi,Social Activist,Graduate,,Social worker,,,,,,,,
446,Bharatiya Janata Party,Rajasthan,Bikaner,Scheduled Caste,1,Male,Arjun Ram Meghwal,Social Worker,Post Graduate,,Social worker,,,,,,,,
447,All India Trinamool Congress,West Bengal,Arambagh,Scheduled Caste,1,Female,Bag Mitali,Social Worker,Post Graduate,,Social worker,,,,,,,,
481,Bharatiya Janata Party,West Bengal,Bangaon,Scheduled Caste,1,Male,Shantanu Thakur,Social Service & Politics,Graduate,,Social worker,,,,,,,,
482,Viduthalai Chiruthaigal Katchi,Tamil Nadu,Chidambaram,Scheduled Caste,1,Male,Thirumaavalavan Tholkappiyan,Social Worker,Graduate,,Social worker,,,,,,,,
485,Shiv Sena (Uddhav Balasaheb Thackrey),Maharashtra,Shirdi,Scheduled Caste,1,Male,Bhausaheb Rajaram Wakchaure,Social Worker,Graduate,,Social worker,,,,,,,,
487,Indian National Congress,Manipur,Outer Manipur,Scheduled Tribe,,Male,Alfred Kanngam S Arthur,Social Worker and Agriculture,,MyNeta,Social worker,Agricuture,,,,,,,
492,Indian National Congress,Jharkhand,Lohardaga,Scheduled Tribe,1,Male,Sukhdeo Bhagat,Social Service,Post Graduate,,Social worker,,,,,,,,
501,Bharatiya Janata Party,Odisha,Nabarangpur,Scheduled Tribe,1,Male,Balabhadra Majhi,Social Worker,Graduate,,Social worker,,,,,,,,
509,Bharatiya Janata Party,Odisha,Keonjhar,Scheduled Tribe,1,Male,Ananta Nayak,Social Worker,Diploma,,Social worker,,,,,,,,
514,Indian National Congress,Telangana,Mahabubabad,Scheduled Tribe,1,Male,Balram Naik Porika,Social Worker,Graduate,,Social worker,,,,,,,,
534,Bharatiya Janata Party,Gujarat,Bardoli,Scheduled Tribe,1,Male,Parbhubhai Nagarbhai Vasava,Social Worker,Diploma,,Social worker,,,,,,,,
536,Indian National Congress,Karnataka,Davangere,General,1,Female,Prabha Mallikarjun,Social Service,Graduate,,Social worker,,,,,,,,
541,Bharatiya Janata Party,Andaman and Nicobar Islands,Andaman and Nicobar Islands,General,1,Male,Bishnu Pada Ray,Social Worker,Graduate,,Social worker,,,,,,,,
130,All India Trinamool Congress,West Bengal,Bardhaman-Durgapur,General,1,Male,Azad Kirti Jha,Sportsperson,Graduate,,Sports,,,,,,,,
364,Bharatiya Janata Party,Himachal Pradesh,Hamirpur,General,1,Male,Anurag Singh Thakur,Sportsperson,Graduate,,Sports,,,,,,,,
402,All India Trinamool Congress,West Bengal,Baharampur,General,1,Male,Pathan Yusuf,Sportsperson,10th,,Sports,,,,,,,,